Replay_ID,Player_ID,Day,Step,Liquid_Cash,Net_Worth,Hands_Hired,Farm_Size,Planted_Crops,Animals,Shed_Inventory,Seed_Inventory
episode-104523697-replay.json,0,0,0,3000.0,3000.0,0,25,0,0,0,0
episode-104523697-replay.json,1,0,0,3000.0,3000.0,0,25,0,0,0,0
episode-104523697-replay.json,0,3,72,201.0,381.0,0,25,19,5,6,2
episode-104523697-replay.json,1,3,72,201.0,381.0,0,25,19,5,6,2
episode-104523697-replay.json,0,6,144,850.0,1467.0,0,25,19,6,18,0
episode-104523697-replay.json,1,6,144,850.0,1467.0,0,25,19,6,18,0
episode-104523697-replay.json,0,9,216,660.0,1860.0,0,50,34,12,25,0
episode-104523697-replay.json,1,9,216,660.0,1860.0,0,50,34,12,25,0
episode-104523697-replay.json,0,12,288,13575.0,17138.0,0,75,56,12,75,0
episode-104523697-replay.json,1,12,288,13575.0,17138.0,0,75,56,12,75,0
episode-104523697-replay.json,0,15,360,19047.0,21761.0,0,75,59,14,61,0
episode-104523697-replay.json,1,15,360,19047.0,21761.0,0,75,59,14,61,0
episode-104523697-replay.json,0,18,432,27216.0,29854.0,0,75,58,14,100,0
episode-104523697-replay.json,1,18,432,27216.0,29854.0,0,75,58,14,100,0
episode-104523697-replay.json,0,21,504,33956.0,35890.0,0,75,59,14,100,0
episode-104523697-replay.json,1,21,504,33956.0,35890.0,0,75,59,14,100,0
episode-104523697-replay.json,0,24,576,34870.0,35574.0,0,75,59,7,100,0
episode-104523697-replay.json,1,24,576,34870.0,35574.0,0,75,59,7,100,0
episode-104523697-replay.json,0,27,648,35070.0,36962.0,0,75,61,4,100,0
episode-104523697-replay.json,1,27,648,35070.0,36962.0,0,75,61,4,100,0
episode-104523697-replay.json,0,30,719,42945.0,42945.0,11,75,0,4,0,0
episode-104523697-replay.json,1,30,719,42945.0,42945.0,11,75,0,4,0,0
episode-104523770-replay.json,0,0,0,3000.0,3000.0,0,25,0,0,0,0
episode-104523770-replay.json,1,0,0,3000.0,3000.0,0,25,0,0,0,0
episode-104523770-replay.json,0,3,72,677.0,1151.0,0,25,15,3,9,0
episode-104523770-replay.json,1,3,72,202.0,382.0,0,25,19,5,6,2
episode-104523770-replay.json,0,6,144,790.0,1806.0,0,25,15,4,23,0
episode-104523770-replay.json,1,6,144,872.0,1509.0,0,25,19,6,18,0
episode-104523770-replay.json,0,9,216,350.0,1782.0,0,50,16,8,28,0
episode-104523770-replay.json,1,9,216,696.0,2110.0,0,50,35,12,29,0
episode-104523770-replay.json,0,12,288,8559.0,10593.0,0,50,19,13,43,6
episode-104523770-replay.json,1,12,288,17291.0,21055.0,0,75,57,12,79,0
episode-104523770-replay.json,0,15,360,10544.0,12829.0,0,50,25,15,47,0
episode-104523770-replay.json,1,15,360,24514.0,27456.0,0,75,60,14,62,0
episode-104523770-replay.json,0,18,432,11973.0,15100.0,0,50,25,15,76,0
episode-104523770-replay.json,1,18,432,36573.0,40284.0,0,75,59,14,94,0
episode-104523770-replay.json,0,21,504,14876.0,17116.0,0,50,25,15,81,0
episode-104523770-replay.json,1,21,504,50533.0,53572.0,0,75,60,14,100,0
episode-104523770-replay.json,0,24,576,16401.0,19393.0,0,50,15,15,100,0
episode-104523770-replay.json,1,24,576,68937.0,70244.0,0,75,60,14,100,0
episode-104523770-replay.json,0,27,648,16319.0,18536.0,0,50,10,15,97,0
episode-104523770-replay.json,1,27,648,68569.0,69227.0,0,75,61,14,100,0
episode-104523770-replay.json,0,30,719,17860.0,17860.0,8,50,7,15,0,0
episode-104523770-replay.json,1,30,719,73101.0,73101.0,11,75,0,10,0,0
episode-104524225-replay.json,0,0,0,3000.0,3000.0,0,25,0,0,0,0
episode-104524225-replay.json,1,0,0,3000.0,3000.0,0,25,0,0,0,0
episode-104524225-replay.json,0,3,72,204.0,384.0,0,25,19,5,6,2
episode-104524225-replay.json,1,3,72,601.0,841.0,0,25,19,2,8,1
episode-104524225-replay.json,0,6,144,779.0,1382.0,0,25,19,6,18,0
episode-104524225-replay.json,1,6,144,646.0,946.0,0,25,22,2,10,3
episode-104524225-replay.json,0,9,216,1106.0,2322.0,0,50,37,12,31,0
episode-104524225-replay.json,1,9,216,550.0,3510.0,0,25,22,2,29,2
episode-104524225-replay.json,0,12,288,17953.0,21877.0,0,75,58,12,84,0
episode-104524225-replay.json,1,12,288,1337.0,2375.0,0,50,30,5,25,0
episode-104524225-replay.json,0,15,360,29411.0,33702.0,0,75,61,14,67,0
episode-104524225-replay.json,1,15,360,5759.0,11122.0,0,75,30,7,70,0
episode-104524225-replay.json,0,18,432,48896.0,55302.0,0,75,60,14,91,0
episode-104524225-replay.json,1,18,432,10073.0,13099.0,0,75,26,11,66,3
episode-104524225-replay.json,0,21,504,74097.0,82627.0,0,75,61,14,100,0
episode-104524225-replay.json,1,21,504,17570.0,21253.0,0,75,26,12,71,11
episode-104524225-replay.json,0,24,576,105601.0,112970.0,0,75,61,14,72,0
episode-104524225-replay.json,1,24,576,27481.0,33007.0,0,75,25,13,78,12
episode-104524225-replay.json,0,27,648,131095.0,136007.0,0,75,61,14,68,0
episode-104524225-replay.json,1,27,648,39664.0,43874.0,0,75,16,15,70,12
episode-104524225-replay.json,0,30,719,159885.0,159885.0,11,75,0,14,0,0
episode-104524225-replay.json,1,30,719,54236.0,55964.0,12,75,3,16,38,12
episode-104524645-replay.json,0,0,0,3000.0,3000.0,0,25,0,0,0,0
episode-104524645-replay.json,1,0,0,3000.0,3000.0,0,25,0,0,0,0
episode-104524645-replay.json,0,3,72,199.0,379.0,0,25,19,5,6,2
episode-104524645-replay.json,1,3,72,829.0,1491.0,0,25,3,4,13,0
episode-104524645-replay.json,0,6,144,854.0,1473.0,0,25,19,6,18,0
episode-104524645-replay.json,1,6,144,735.0,1289.0,0,25,16,5,10,0
episode-104524645-replay.json,0,9,216,1113.0,2292.0,0,50,37,12,31,0
episode-104524645-replay.json,1,9,216,1493.0,2899.0,0,50,27,8,30,0
episode-104524645-replay.json,0,12,288,18721.0,22236.0,0,75,58,12,83,0
episode-104524645-replay.json,1,12,288,2614.0,4205.0,0,75,45,8,35,0
episode-104524645-replay.json,0,15,360,28102.0,31095.0,0,75,61,14,66,0
episode-104524645-replay.json,1,15,360,9002.0,11469.0,0,75,45,8,49,0
episode-104524645-replay.json,0,18,432,41657.0,46092.0,0,75,60,14,97,0
episode-104524645-replay.json,1,18,432,15930.0,22975.0,0,75,45,8,100,3
episode-104524645-replay.json,0,21,504,56607.0,59871.0,0,75,61,14,100,0
episode-104524645-replay.json,1,21,504,31535.0,38138.0,0,75,42,8,100,36
episode-104524645-replay.json,0,24,576,72903.0,74176.0,0,75,61,14,100,0
episode-104524645-replay.json,1,24,576,41779.0,45993.0,0,75,55,9,95,19
episode-104524645-replay.json,0,27,648,73300.0,74648.0,0,75,61,14,100,0
episode-104524645-replay.json,1,27,648,48473.0,54304.0,0,75,58,9,93,2
episode-104524645-replay.json,0,30,719,78404.0,78404.0,11,75,0,11,0,0
episode-104524645-replay.json,1,30,719,60335.0,61263.0,10,75,1,9,32,2
episode-104525072-replay.json,0,0,0,3000.0,3000.0,0,25,0,0,0,0
episode-104525072-replay.json,1,0,0,3000.0,3000.0,0,25,0,0,0,0
episode-104525072-replay.json,0,3,72,195.0,381.0,0,25,19,5,6,2
episode-104525072-replay.json,1,3,72,128.0,946.0,0,25,19,4,20,2
episode-104525072-replay.json,0,6,144,750.0,1368.0,0,25,19,6,18,0
episode-104525072-replay.json,1,6,144,602.0,1559.0,0,25,17,5,28,3
episode-104525072-replay.json,0,9,216,964.0,2196.0,0,50,37,12,31,0
episode-104525072-replay.json,1,9,216,613.0,2552.0,0,50,38,9,48,3
episode-104525072-replay.json,0,12,288,17017.0,20904.0,0,75,58,12,84,0
episode-104525072-replay.json,1,12,288,6654.0,12315.0,0,75,40,11,85,1
episode-104525072-replay.json,0,15,360,27205.0,31369.0,0,75,61,14,67,0
episode-104525072-replay.json,1,15,360,15999.0,21247.0,0,75,42,11,87,0
episode-104525072-replay.json,0,18,432,42383.0,47084.0,0,75,60,14,100,0
episode-104525072-replay.json,1,18,432,23756.0,30590.0,0,75,38,11,92,0
episode-104525072-replay.json,0,21,504,56936.0,61197.0,0,75,61,14,100,0
episode-104525072-replay.json,1,21,504,33440.0,37392.0,0,75,34,11,91,0
episode-104525072-replay.json,0,24,576,69214.0,69824.0,0,75,61,14,100,0
episode-104525072-replay.json,1,24,576,37645.0,40092.0,0,75,34,11,75,0
episode-104525072-replay.json,0,27,648,72739.0,73961.0,0,75,61,7,100,0
episode-104525072-replay.json,1,27,648,42041.0,43886.0,0,75,19,11,45,0
episode-104525072-replay.json,0,30,719,79738.0,79738.0,11,75,0,7,0,0
episode-104525072-replay.json,1,30,719,46721.0,46721.0,0,75,1,11,0,0
episode-104525502-replay.json,0,0,0,3000.0,3000.0,0,25,0,0,0,0
episode-104525502-replay.json,1,0,0,3000.0,3000.0,0,25,0,0,0,0
episode-104525502-replay.json,0,3,72,202.0,388.0,0,25,19,5,6,2
episode-104525502-replay.json,1,3,72,166.0,744.0,0,25,18,4,10,0
episode-104525502-replay.json,0,6,144,860.0,1479.0,0,25,19,6,18,0
episode-104525502-replay.json,1,6,144,314.0,1364.0,0,25,18,5,26,0
episode-104525502-replay.json,0,9,216,1172.0,2376.0,0,50,37,12,31,0
episode-104525502-replay.json,1,9,216,1054.0,2100.0,0,50,36,9,20,2
episode-104525502-replay.json,0,12,288,18548.0,22217.0,0,75,58,12,83,0
episode-104525502-replay.json,1,12,288,7495.0,9415.0,0,75,40,10,40,39
episode-104525502-replay.json,0,15,360,28132.0,31094.0,0,75,61,14,66,0
episode-104525502-replay.json,1,15,360,18333.0,19412.0,0,75,50,10,21,27
episode-104525502-replay.json,0,18,432,45363.0,49207.0,0,75,60,14,97,0
episode-104525502-replay.json,1,18,432,24794.0,27907.0,0,75,47,10,45,22
episode-104525502-replay.json,0,21,504,63285.0,68002.0,0,75,61,14,100,0
episode-104525502-replay.json,1,21,504,35036.0,39145.0,0,75,54,10,33,9
episode-104525502-replay.json,0,24,576,82523.0,86787.0,0,75,61,14,100,0
episode-104525502-replay.json,1,24,576,49379.0,51213.0,0,75,55,10,50,6
episode-104525502-replay.json,0,27,648,93115.0,96766.0,0,75,61,14,100,0
episode-104525502-replay.json,1,27,648,54485.0,58965.0,0,75,51,10,88,5
episode-104525502-replay.json,0,30,719,107059.0,107059.0,11,75,0,14,0,0
episode-104525502-replay.json,1,30,719,67869.0,67963.0,11,75,6,10,2,12
episode-104525937-replay.json,0,0,0,3000.0,3000.0,0,25,0,0,0,0
episode-104525937-replay.json,1,0,0,3000.0,3000.0,0,25,0,0,0,0
episode-104525937-replay.json,0,3,72,208.0,388.0,0,25,19,5,6,2
episode-104525937-replay.json,1,3,72,18.0,748.0,0,25,10,5,13,1
episode-104525937-replay.json,0,6,144,858.0,1493.0,0,25,19,6,18,0
episode-104525937-replay.json,1,6,144,273.0,984.0,0,25,17,6,13,6
episode-104525937-replay.json,0,9,216,1095.0,2352.0,0,50,37,12,31,0
episode-104525937-replay.json,1,9,216,826.0,2282.0,0,50,38,11,31,7
episode-104525937-replay.json,0,12,288,18273.0,21977.0,0,75,58,12,83,0
episode-104525937-replay.json,1,12,288,5884.0,7932.0,0,75,43,15,41,14
episode-104525937-replay.json,0,15,360,27089.0,29851.0,0,75,61,14,66,0
episode-104525937-replay.json,1,15,360,13695.0,16245.0,0,75,50,16,42,10
episode-104525937-replay.json,0,18,432,45714.0,49256.0,0,75,60,14,91,0
episode-104525937-replay.json,1,18,432,25206.0,31349.0,0,75,48,16,58,13
episode-104525937-replay.json,0,21,504,65117.0,70169.0,0,75,61,14,100,0
episode-104525937-replay.json,1,21,504,51984.0,57877.0,0,75,44,16,55,16
episode-104525937-replay.json,0,24,576,90974.0,97667.0,0,75,61,14,87,0
episode-104525937-replay.json,1,24,576,69788.0,75429.0,0,75,57,16,63,8
episode-104525937-replay.json,0,27,648,113240.0,116813.0,0,75,61,14,76,0
episode-104525937-replay.json,1,27,648,83675.0,89957.0,0,75,56,16,70,10
episode-104525937-replay.json,0,30,719,134281.0,134281.0,11,75,0,14,0,0
episode-104525937-replay.json,1,30,719,107653.0,107653.0,10,75,0,16,0,10
episode-104526363-replay.json,0,0,0,3000.0,3000.0,0,25,0,0,0,0
episode-104526363-replay.json,1,0,0,3000.0,3000.0,0,25,0,0,0,0
episode-104526363-replay.json,0,3,72,201.0,381.0,0,25,19,5,6,2
episode-104526363-replay.json,1,3,72,173.0,838.0,0,25,10,5,11,0
episode-104526363-replay.json,0,6,144,842.0,1477.0,0,25,19,6,18,0
episode-104526363-replay.json,1,6,144,517.0,1196.0,0,25,19,6,12,0
episode-104526363-replay.json,0,9,216,664.0,1789.0,0,50,34,12,21,0
episode-104526363-replay.json,1,9,216,638.0,3116.0,0,50,37,12,36,0
episode-104526363-replay.json,0,12,288,17136.0,20525.0,0,75,56,12,71,0
episode-104526363-replay.json,1,12,288,7458.0,9615.0,0,75,61,12,37,0
episode-104526363-replay.json,0,15,360,26648.0,30168.0,0,75,59,14,53,0
episode-104526363-replay.json,1,15,360,14826.0,17464.0,0,75,61,12,40,1
episode-104526363-replay.json,0,18,432,42833.0,47853.0,0,75,58,14,93,0
episode-104526363-replay.json,1,18,432,26221.0,33927.0,0,75,61,12,70,4
episode-104526363-replay.json,0,21,504,61054.0,65495.0,0,75,59,14,100,0
episode-104526363-replay.json,1,21,504,49596.0,54711.0,0,75,58,12,69,35
episode-104526363-replay.json,0,24,576,80154.0,83786.0,0,75,59,14,100,0
episode-104526363-replay.json,1,24,576,64064.0,67017.0,0,75,60,13,59,22
episode-104526363-replay.json,0,27,648,89020.0,92734.0,0,75,61,14,100,0
episode-104526363-replay.json,1,27,648,72773.0,77149.0,0,75,54,13,66,1
episode-104526363-replay.json,0,30,719,101502.0,101502.0,11,75,0,14,0,0
episode-104526363-replay.json,1,30,719,88897.0,88897.0,10,75,0,13,0,1
episode-104526768-replay.json,0,0,0,3000.0,3000.0,0,25,0,0,0,0
episode-104526768-replay.json,1,0,0,3000.0,3000.0,0,25,0,0,0,0
episode-104526768-replay.json,0,3,72,201.0,381.0,0,25,19,5,6,2
episode-104526768-replay.json,1,3,72,173.0,838.0,0,25,10,5,11,0
episode-104526768-replay.json,0,6,144,842.0,1477.0,0,25,19,6,18,0
episode-104526768-replay.json,1,6,144,517.0,1196.0,0,25,18,6,12,0
episode-104526768-replay.json,0,9,216,1232.0,2461.0,0,50,37,12,31,0
episode-104526768-replay.json,1,9,216,574.0,3364.0,0,50,37,12,36,0
episode-104526768-replay.json,0,12,288,18785.0,22430.0,0,75,58,12,83,0
episode-104526768-replay.json,1,12,288,7388.0,10037.0,0,75,62,12,47,0
episode-104526768-replay.json,0,15,360,31518.0,34183.0,0,75,61,14,61,0
episode-104526768-replay.json,1,15,360,16067.0,20178.0,0,75,62,12,47,0
episode-104526768-replay.json,0,18,432,50756.0,55036.0,0,75,60,14,83,0
episode-104526768-replay.json,1,18,432,33091.0,41305.0,0,75,62,12,77,3
episode-104526768-replay.json,0,21,504,67779.0,73641.0,0,75,61,14,100,0
episode-104526768-replay.json,1,21,504,58898.0,62825.0,0,75,58,12,78,35
episode-104526768-replay.json,0,24,576,83190.0,88143.0,0,75,61,14,100,0
episode-104526768-replay.json,1,24,576,68826.0,71340.0,0,75,62,13,76,18
episode-104526768-replay.json,0,27,648,98518.0,103246.0,0,75,61,14,95,0
episode-104526768-replay.json,1,27,648,82638.0,86441.0,0,75,62,13,60,5
episode-104526768-replay.json,0,30,719,118480.0,118480.0,11,75,0,14,0,0
episode-104526768-replay.json,1,30,719,105670.0,105670.0,10,75,1,13,0,5
episode-104527197-replay.json,0,0,0,3000.0,3000.0,0,25,0,0,0,0
episode-104527197-replay.json,1,0,0,3000.0,3000.0,0,25,0,0,0,0
episode-104527197-replay.json,0,3,72,11.0,837.0,0,25,10,5,16,1
episode-104527197-replay.json,1,3,72,196.0,382.0,0,25,19,5,6,2
episode-104527197-replay.json,0,6,144,0.0,1148.0,0,25,19,6,26,1
episode-104527197-replay.json,1,6,144,846.0,1498.0,0,25,19,6,18,0
episode-104527197-replay.json,0,9,216,526.0,3087.0,0,50,36,12,33,3
episode-104527197-replay.json,1,9,216,1120.0,2377.0,0,50,37,12,31,0
episode-104527197-replay.json,0,12,288,5531.0,8207.0,0,75,60,12,30,2
episode-104527197-replay.json,1,12,288,18111.0,21874.0,0,75,58,12,83,0
episode-104527197-replay.json,0,15,360,10815.0,16015.0,0,75,59,12,64,2
episode-104527197-replay.json,1,15,360,27247.0,30331.0,0,75,61,14,68,0
episode-104527197-replay.json,0,18,432,26492.0,37770.0,0,75,59,12,100,4
episode-104527197-replay.json,1,18,432,46862.0,50539.0,0,75,60,14,93,0
episode-104527197-replay.json,0,21,504,57982.0,66169.0,0,75,55,12,97,37
episode-104527197-replay.json,1,21,504,68782.0,74447.0,0,75,61,14,100,0
episode-104527197-replay.json,0,24,576,85066.0,92787.0,0,75,62,12,84,22
episode-104527197-replay.json,1,24,576,100536.0,108552.0,0,75,61,14,99,0
episode-104527197-replay.json,0,27,648,110688.0,117531.0,0,75,62,12,63,1
episode-104527197-replay.json,1,27,648,125864.0,130192.0,0,75,61,14,92,0
episode-104527197-replay.json,0,30,719,138156.0,138156.0,10,75,1,12,0,1
episode-104527197-replay.json,1,30,719,149352.0,149352.0,11,75,0,14,0,0
episode-104527312-replay.json,0,0,0,3000.0,3000.0,0,25,0,0,0,0
episode-104527312-replay.json,1,0,0,3000.0,3000.0,0,25,0,0,0,0
episode-104527312-replay.json,0,3,72,316.0,595.0,0,25,17,4,9,1
episode-104527312-replay.json,1,3,72,196.0,382.0,0,25,19,5,6,2
episode-104527312-replay.json,0,6,144,180.0,800.0,0,25,20,5,20,9
episode-104527312-replay.json,1,6,144,852.0,1470.0,0,25,19,6,18,0
episode-104527312-replay.json,0,9,216,282.0,1566.0,0,50,36,12,27,5
episode-104527312-replay.json,1,9,216,1100.0,2304.0,0,50,36,12,31,0
episode-104527312-replay.json,0,12,288,5797.0,8138.0,0,75,59,15,45,6
episode-104527312-replay.json,1,12,288,17302.0,20869.0,0,75,58,12,81,0
episode-104527312-replay.json,0,15,360,11059.0,14902.0,0,75,57,15,60,8
episode-104527312-replay.json,1,15,360,25904.0,28508.0,0,75,61,14,69,0
episode-104527312-replay.json,0,18,432,33621.0,37989.0,0,75,59,15,49,5
episode-104527312-replay.json,1,18,432,43581.0,46941.0,0,75,60,14,100,0
episode-104527312-replay.json,0,21,504,53627.0,62422.0,0,75,59,15,88,10
episode-104527312-replay.json,1,21,504,61576.0,65420.0,0,75,61,14,100,0
episode-104527312-replay.json,0,24,576,77733.0,84201.0,0,75,56,15,76,1
episode-104527312-replay.json,1,24,576,81870.0,85620.0,0,75,61,14,100,0
episode-104527312-replay.json,0,27,648,89029.0,94641.0,0,75,60,15,92,19
episode-104527312-replay.json,1,27,648,92472.0,95453.0,0,75,61,14,100,0
episode-104527312-replay.json,0,30,719,107720.0,107720.0,9,75,12,15,0,7
episode-104527312-replay.json,1,30,719,104983.0,104983.0,11,75,0,14,0,0
episode-104527619-replay.json,0,0,0,3000.0,3000.0,0,25,0,0,0,0
episode-104527619-replay.json,1,0,0,3000.0,3000.0,0,25,0,0,0,0
episode-104527619-replay.json,0,3,72,202.0,382.0,0,25,19,5,6,2
episode-104527619-replay.json,1,3,72,44.0,556.0,0,25,19,4,8,0
episode-104527619-replay.json,0,6,144,857.0,1476.0,0,25,19,6,18,0
episode-104527619-replay.json,1,6,144,42.0,719.0,0,25,19,6,12,8
episode-104527619-replay.json,0,9,216,1137.0,2369.0,0,50,37,12,31,0
episode-104527619-replay.json,1,9,216,1493.0,2669.0,0,50,36,10,21,16
episode-104527619-replay.json,0,12,288,17821.0,21549.0,0,75,58,12,83,0
episode-104527619-replay.json,1,12,288,9537.0,12701.0,0,75,52,14,38,23
episode-104527619-replay.json,0,15,360,30000.0,32770.0,0,75,61,14,61,0
episode-104527619-replay.json,1,15,360,18958.0,23558.0,0,75,57,14,47,16
episode-104527619-replay.json,0,18,432,49513.0,53780.0,0,75,60,14,83,0
episode-104527619-replay.json,1,18,432,34987.0,43429.0,0,75,57,14,69,16
episode-104527619-replay.json,0,21,504,72491.0,79011.0,0,75,61,14,99,0
episode-104527619-replay.json,1,21,504,51803.0,57368.0,0,75,57,14,59,16
episode-104527619-replay.json,0,24,576,90118.0,95460.0,0,75,61,14,100,0
episode-104527619-replay.json,1,24,576,69863.0,75176.0,0,75,53,14,75,16
episode-104527619-replay.json,0,27,648,101940.0,105670.0,0,75,61,14,100,0
episode-104527619-replay.json,1,27,648,78496.0,82349.0,0,75,56,14,70,16
episode-104527619-replay.json,0,30,719,115482.0,115482.0,11,75,0,14,0,0
episode-104527619-replay.json,1,30,719,93654.0,93654.0,8,75,1,14,0,16
episode-104528074-replay.json,0,0,0,3000.0,3000.0,0,25,0,0,0,0
episode-104528074-replay.json,1,0,0,3000.0,3000.0,0,25,0,0,0,0
episode-104528074-replay.json,0,3,72,44.0,556.0,0,25,19,4,8,0
episode-104528074-replay.json,1,3,72,202.0,382.0,0,25,19,5,6,2
episode-104528074-replay.json,0,6,144,42.0,719.0,0,25,19,6,12,8
episode-104528074-replay.json,1,6,144,857.0,1476.0,0,25,19,6,18,0
episode-104528074-replay.json,0,9,216,708.0,1974.0,0,50,37,10,24,15
episode-104528074-replay.json,1,9,216,668.0,1866.0,0,50,36,12,25,0
episode-104528074-replay.json,0,12,288,8680.0,11017.0,0,75,52,14,37,22
episode-104528074-replay.json,1,12,288,15274.0,18860.0,0,75,57,12,77,0
episode-104528074-replay.json,0,15,360,12388.0,14044.0,0,75,57,14,45,15
episode-104528074-replay.json,1,15,360,20241.0,22853.0,0,75,60,14,68,0
episode-104528074-replay.json,0,18,432,17504.0,19986.0,0,75,57,14,69,15
episode-104528074-replay.json,1,18,432,27115.0,30076.0,0,75,59,14,100,0
episode-104528074-replay.json,0,21,504,21229.0,23529.0,0,75,56,14,60,16
episode-104528074-replay.json,1,21,504,35881.0,38342.0,0,75,60,14,100,0
episode-104528074-replay.json,0,24,576,24907.0,26029.0,0,75,52,14,78,16
episode-104528074-replay.json,1,24,576,39258.0,40021.0,0,75,60,14,100,0
episode-104528074-replay.json,0,27,648,25506.0,27606.0,0,75,55,14,69,17
episode-104528074-replay.json,1,27,648,40634.0,42537.0,0,75,61,14,100,0
episode-104528074-replay.json,0,30,719,32673.0,32674.0,8,75,1,14,1,17
episode-104528074-replay.json,1,30,719,46938.0,46938.0,11,75,0,14,0,0
episode-104528532-replay.json,0,0,0,3000.0,3000.0,0,25,0,0,0,0
episode-104528532-replay.json,1,0,0,3000.0,3000.0,0,25,0,0,0,0
episode-104528532-replay.json,0,3,72,145.0,385.0,0,25,19,5,8,2
episode-104528532-replay.json,1,3,72,195.0,375.0,0,25,19,5,6,2
episode-104528532-replay.json,0,6,144,216.0,906.0,0,25,19,6,21,16
episode-104528532-replay.json,1,6,144,846.0,1446.0,0,25,19,6,18,0
episode-104528532-replay.json,0,9,216,870.0,2106.0,0,50,37,13,33,13
episode-104528532-replay.json,1,9,216,1112.0,2282.0,0,50,37,12,31,0
episode-104528532-replay.json,0,12,288,15138.0,18848.0,0,75,58,13,83,20
episode-104528532-replay.json,1,12,288,15870.0,19550.0,0,75,58,12,83,0
episode-104528532-replay.json,0,15,360,28563.0,31098.0,0,75,61,14,59,25
episode-104528532-replay.json,1,15,360,27545.0,30158.0,0,75,61,14,61,0
episode-104528532-replay.json,0,18,432,46994.0,50236.0,0,75,60,14,77,31
episode-104528532-replay.json,1,18,432,45177.0,48879.0,0,75,60,14,84,0
episode-104528532-replay.json,0,21,504,68765.0,72887.0,0,75,61,14,88,38
episode-104528532-replay.json,1,21,504,66583.0,72364.0,0,75,61,14,100,0
episode-104528532-replay.json,0,24,576,91808.0,96260.0,0,75,61,14,72,35
episode-104528532-replay.json,1,24,576,89500.0,95901.0,0,75,61,14,79,0
episode-104528532-replay.json,0,27,648,105986.0,110161.0,0,75,61,14,81,22
episode-104528532-replay.json,1,27,648,104729.0,109630.0,0,75,61,14,80,0
episode-104528532-replay.json,0,30,719,125335.0,125335.0,11,75,2,14,0,6
episode-104528532-replay.json,1,30,719,123918.0,123918.0,11,75,0,14,0,0
episode-104528972-replay.json,0,0,0,3000.0,3000.0,0,25,0,0,0,0
episode-104528972-replay.json,1,0,0,3000.0,3000.0,0,25,0,0,0,0
episode-104528972-replay.json,0,3,72,196.0,382.0,0,25,19,5,6,2
episode-104528972-replay.json,1,3,72,11.0,837.0,0,25,10,5,16,1
episode-104528972-replay.json,0,6,144,847.0,1482.0,0,25,19,6,18,0
episode-104528972-replay.json,1,6,144,2.0,1193.0,0,25,19,6,28,1
episode-104528972-replay.json,0,9,216,658.0,1979.0,0,50,36,12,28,0
episode-104528972-replay.json,1,9,216,1450.0,2711.0,0,50,38,12,27,2
episode-104528972-replay.json,0,12,288,16196.0,19850.0,0,75,57,12,80,0
episode-104528972-replay.json,1,12,288,5984.0,7802.0,0,75,61,12,31,1
episode-104528972-replay.json,0,15,360,20510.0,23245.0,0,75,60,14,70,0
episode-104528972-replay.json,1,15,360,9329.0,11601.0,0,75,61,12,52,1
episode-104528972-replay.json,0,18,432,27625.0,29894.0,0,75,59,14,100,0
episode-104528972-replay.json,1,18,432,12876.0,20366.0,0,75,61,12,100,3
episode-104528972-replay.json,0,21,504,33368.0,34661.0,0,75,60,14,100,0
episode-104528972-replay.json,1,21,504,27007.0,30799.0,0,75,57,12,97,36
episode-104528972-replay.json,0,24,576,33794.0,34730.0,0,75,60,9,100,0
episode-104528972-replay.json,1,24,576,27811.0,29989.0,0,75,62,12,82,21
episode-104528972-replay.json,0,27,648,35352.0,38690.0,0,75,61,4,100,0
episode-104528972-replay.json,1,27,648,33585.0,36202.0,0,75,62,12,63,0
episode-104528972-replay.json,0,30,719,43892.0,43892.0,11,75,0,4,0,0
episode-104528972-replay.json,1,30,719,45619.0,45619.0,10,75,1,12,0,0
episode-104529416-replay.json,0,0,0,3000.0,3000.0,0,25,0,0,0,0
episode-104529416-replay.json,1,0,0,3000.0,3000.0,0,25,0,0,0,0
episode-104529416-replay.json,0,3,72,11.0,837.0,0,25,10,5,16,1
episode-104529416-replay.json,1,3,72,196.0,382.0,0,25,19,5,6,2
episode-104529416-replay.json,0,6,144,0.0,1214.0,0,25,19,6,28,1
episode-104529416-replay.json,1,6,144,846.0,1498.0,0,25,19,6,18,0
episode-104529416-replay.json,0,9,216,491.0,2776.0,0,50,38,12,34,2
episode-104529416-replay.json,1,9,216,670.0,2027.0,0,50,36,12,27,0
episode-104529416-replay.json,0,12,288,5875.0,7921.0,0,75,61,12,33,1
episode-104529416-replay.json,1,12,288,16590.0,20411.0,0,75,57,12,79,0
episode-104529416-replay.json,0,15,360,9506.0,13028.0,0,75,61,12,48,1
episode-104529416-replay.json,1,15,360,23155.0,25696.0,0,75,60,14,65,0
episode-104529416-replay.json,0,18,432,15954.0,24490.0,0,75,61,12,100,3
episode-104529416-replay.json,1,18,432,32546.0,35356.0,0,75,59,14,100,0
episode-104529416-replay.json,0,21,504,35212.0,41167.0,0,75,57,12,97,36
episode-104529416-replay.json,1,21,504,44145.0,46553.0,0,75,60,14,100,0
episode-104529416-replay.json,0,24,576,40486.0,42650.0,0,75,62,12,76,21
episode-104529416-replay.json,1,24,576,48862.0,49676.0,0,75,60,14,100,0
episode-104529416-replay.json,0,27,648,47054.0,48704.0,0,75,62,12,52,0
episode-104529416-replay.json,1,27,648,49512.0,51275.0,0,75,61,5,100,0
episode-104529416-replay.json,0,30,719,59640.0,59640.0,10,75,1,12,0,0
episode-104529416-replay.json,1,30,719,55950.0,55950.0,11,75,0,5,0,0
episode-104529862-replay.json,0,0,0,3000.0,3000.0,0,25,0,0,0,0
episode-104529862-replay.json,1,0,0,3000.0,3000.0,0,25,0,0,0,0
episode-104529862-replay.json,0,3,72,199.0,385.0,0,25,19,5,6,2
episode-104529862-replay.json,1,3,72,196.0,929.0,0,25,9,5,13,0
episode-104529862-replay.json,0,6,144,844.0,1479.0,0,25,19,6,18,0
episode-104529862-replay.json,1,6,144,539.0,1282.0,0,25,18,6,14,0
episode-104529862-replay.json,0,9,216,668.0,1942.0,0,50,35,12,26,0
episode-104529862-replay.json,1,9,216,1308.0,2908.0,0,50,37,12,32,0
episode-104529862-replay.json,0,12,288,16327.0,19915.0,0,75,56,12,78,0
episode-104529862-replay.json,1,12,288,4802.0,7183.0,0,75,63,12,41,0
episode-104529862-replay.json,0,15,360,23711.0,26463.0,0,75,59,14,63,0
episode-104529862-replay.json,1,15,360,11507.0,13554.0,0,75,63,12,40,0
episode-104529862-replay.json,0,18,432,33049.0,35886.0,0,75,58,14,100,0
episode-104529862-replay.json,1,18,432,18174.0,22908.0,0,75,63,12,72,3
episode-104529862-replay.json,0,21,504,38633.0,40125.0,0,75,59,14,100,0
episode-104529862-replay.json,1,21,504,30417.0,33161.0,0,75,59,12,72,35
episode-104529862-replay.json,0,24,576,43867.0,45637.0,0,75,59,14,100,0
episode-104529862-replay.json,1,24,576,34450.0,36126.0,0,75,62,13,60,18
episode-104529862-replay.json,0,27,648,47936.0,50108.0,0,75,61,10,100,0
episode-104529862-replay.json,1,27,648,41599.0,42716.0,0,75,62,13,53,0
episode-104529862-replay.json,0,30,719,55392.0,55392.0,11,75,0,10,0,0
episode-104529862-replay.json,1,30,719,54945.0,54945.0,10,75,1,13,0,0
episode-104530263-replay.json,0,0,0,3000.0,3000.0,0,25,0,0,0,0
episode-104530263-replay.json,1,0,0,3000.0,3000.0,0,25,0,0,0,0
episode-104530263-replay.json,0,3,72,202.0,382.0,0,25,19,5,6,2
episode-104530263-replay.json,1,3,72,44.0,556.0,0,25,19,4,8,0
episode-104530263-replay.json,0,6,144,857.0,1476.0,0,25,19,6,18,0
episode-104530263-replay.json,1,6,144,302.0,979.0,0,25,19,6,12,4
episode-104530263-replay.json,0,9,216,672.0,1910.0,0,50,35,12,25,0
episode-104530263-replay.json,1,9,216,343.0,1819.0,0,50,34,10,29,16
episode-104530263-replay.json,0,12,288,15125.0,18704.0,0,75,57,12,75,0
episode-104530263-replay.json,1,12,288,7112.0,10266.0,0,75,54,14,50,21
episode-104530263-replay.json,0,15,360,22341.0,24921.0,0,75,60,14,63,0
episode-104530263-replay.json,1,15,360,12599.0,16469.0,0,75,55,14,61,16
episode-104530263-replay.json,0,18,432,35398.0,38265.0,0,75,59,14,100,0
episode-104530263-replay.json,1,18,432,22573.0,28935.0,0,75,53,14,66,17
episode-104530263-replay.json,0,21,504,54284.0,58202.0,0,75,60,14,100,0
episode-104530263-replay.json,1,21,504,38348.0,49976.0,0,75,58,14,84,18
episode-104530263-replay.json,0,24,576,73310.0,76914.0,0,75,60,14,100,0
episode-104530263-replay.json,1,24,576,69005.0,76237.0,0,75,52,14,86,18
episode-104530263-replay.json,0,27,648,78581.0,82239.0,0,75,61,13,100,0
episode-104530263-replay.json,1,27,648,84114.0,89752.0,0,75,55,14,72,19
episode-104530263-replay.json,0,30,719,89652.0,89652.0,11,75,0,13,0,0
episode-104530263-replay.json,1,30,719,104403.0,104403.0,8,75,4,14,0,19
episode-104530726-replay.json,0,0,0,3000.0,3000.0,0,25,0,0,0,0
episode-104530726-replay.json,1,0,0,3000.0,3000.0,0,25,0,0,0,0
episode-104530726-replay.json,0,3,72,316.0,595.0,0,25,17,4,9,1
episode-104530726-replay.json,1,3,72,196.0,382.0,0,25,19,5,6,2
episode-104530726-replay.json,0,6,144,86.0,726.0,0,25,20,5,20,10
episode-104530726-replay.json,1,6,144,850.0,1485.0,0,25,19,6,18,0
episode-104530726-replay.json,0,9,216,275.0,1595.0,0,50,36,12,27,5
episode-104530726-replay.json,1,9,216,1069.0,2329.0,0,50,37,12,31,0
episode-104530726-replay.json,0,12,288,5733.0,8130.0,0,75,57,15,45,8
episode-104530726-replay.json,1,12,288,17014.0,20801.0,0,75,58,12,83,0
episode-104530726-replay.json,0,15,360,10633.0,14523.0,0,75,55,15,60,10
episode-104530726-replay.json,1,15,360,25229.0,28043.0,0,75,61,14,70,0
episode-104530726-replay.json,0,18,432,28935.0,32549.0,0,75,57,15,49,7
episode-104530726-replay.json,1,18,432,39397.0,42975.0,0,75,60,14,100,0
episode-104530726-replay.json,0,21,504,40760.0,45679.0,0,75,57,15,89,12
episode-104530726-replay.json,1,21,504,51562.0,54742.0,0,75,61,14,100,0
episode-104530726-replay.json,0,24,576,45112.0,49070.0,0,75,54,15,70,4
episode-104530726-replay.json,1,24,576,54661.0,55561.0,0,75,61,14,100,0
episode-104530726-replay.json,0,27,648,47755.0,50503.0,0,75,58,15,83,23
episode-104530726-replay.json,1,27,648,55478.0,57494.0,0,75,61,9,100,0
episode-104530726-replay.json,0,30,719,60054.0,60054.0,9,75,12,15,0,11
episode-104530726-replay.json,1,30,719,61964.0,61964.0,11,75,0,9,0,0
episode-104531171-replay.json,0,0,0,3000.0,3000.0,0,25,0,0,0,0
episode-104531171-replay.json,1,0,0,3000.0,3000.0,0,25,0,0,0,0
episode-104531171-replay.json,0,3,72,202.0,382.0,0,25,19,5,6,2
episode-104531171-replay.json,1,3,72,44.0,556.0,0,25,19,4,8,0
episode-104531171-replay.json,0,6,144,857.0,1476.0,0,25,19,6,18,0
episode-104531171-replay.json,1,6,144,42.0,719.0,0,25,19,6,12,8
episode-104531171-replay.json,0,9,216,1042.0,2302.0,0,50,37,12,31,0
episode-104531171-replay.json,1,9,216,1185.0,2661.0,0,50,36,10,29,16
episode-104531171-replay.json,0,12,288,17129.0,21011.0,0,75,58,12,83,0
episode-104531171-replay.json,1,12,288,9391.0,12764.0,0,75,52,14,43,23
episode-104531171-replay.json,0,15,360,26045.0,29098.0,0,75,61,14,67,0
episode-104531171-replay.json,1,15,360,16036.0,19668.0,0,75,57,14,60,16
episode-104531171-replay.json,0,18,432,39495.0,43045.0,0,75,60,14,99,0
episode-104531171-replay.json,1,18,432,27033.0,32273.0,0,75,54,14,72,16
episode-104531171-replay.json,0,21,504,52336.0,55296.0,0,75,61,14,100,0
episode-104531171-replay.json,1,21,504,35669.0,38632.0,0,75,59,14,59,16
episode-104531171-replay.json,0,24,576,60033.0,61127.0,0,75,61,14,100,0
episode-104531171-replay.json,1,24,576,42972.0,44530.0,0,75,56,14,80,16
episode-104531171-replay.json,0,27,648,62059.0,63735.0,0,75,61,14,100,0
episode-104531171-replay.json,1,27,648,44377.0,47462.0,0,75,52,14,84,17
episode-104531171-replay.json,0,30,719,68379.0,68379.0,11,75,0,14,0,0
episode-104531171-replay.json,1,30,719,53630.0,53630.0,8,75,0,14,0,17
episode-104531725-replay.json,0,0,0,3000.0,3000.0,0,25,0,0,0,0
episode-104531725-replay.json,1,0,0,3000.0,3000.0,0,25,0,0,0,0
episode-104531725-replay.json,0,3,72,196.0,382.0,0,25,19,5,6,2
episode-104531725-replay.json,1,3,72,11.0,837.0,0,25,10,5,16,1
episode-104531725-replay.json,0,6,144,747.0,1382.0,0,25,19,6,18,0
episode-104531725-replay.json,1,6,144,2.0,1193.0,0,25,19,6,28,1
episode-104531725-replay.json,0,9,216,968.0,2169.0,0,50,37,12,31,0
episode-104531725-replay.json,1,9,216,1411.0,3836.0,0,50,38,12,33,2
episode-104531725-replay.json,0,12,288,17061.0,20918.0,0,75,58,12,84,0
episode-104531725-replay.json,1,12,288,8402.0,11078.0,0,75,61,12,34,1
episode-104531725-replay.json,0,15,360,27975.0,32060.0,0,75,61,14,67,0
episode-104531725-replay.json,1,15,360,13233.0,21055.0,0,75,61,12,64,1
episode-104531725-replay.json,0,18,432,45660.0,50591.0,0,75,60,14,97,0
episode-104531725-replay.json,1,18,432,31478.0,40520.0,0,75,61,12,100,3
episode-104531725-replay.json,0,21,504,65488.0,70803.0,0,75,61,14,100,0
episode-104531725-replay.json,1,21,504,56251.0,63381.0,0,75,57,12,98,36
episode-104531725-replay.json,0,24,576,81626.0,84521.0,0,75,61,14,100,0
episode-104531725-replay.json,1,24,576,65846.0,71156.0,0,75,62,12,88,21
episode-104531725-replay.json,0,27,648,91373.0,94823.0,0,75,61,14,100,0
episode-104531725-replay.json,1,27,648,75459.0,80010.0,0,75,62,12,63,0
episode-104531725-replay.json,0,30,719,104466.0,104466.0,11,75,0,14,0,0
episode-104531725-replay.json,1,30,719,93283.0,93283.0,10,75,1,12,0,0
episode-104532049-replay.json,0,0,0,3000.0,3000.0,0,25,0,0,0,0
episode-104532049-replay.json,1,0,0,3000.0,3000.0,0,25,0,0,0,0
episode-104532049-replay.json,0,3,72,11.0,837.0,0,25,10,5,16,1
episode-104532049-replay.json,1,3,72,196.0,382.0,0,25,19,5,6,2
episode-104532049-replay.json,0,6,144,2.0,1193.0,0,25,19,6,28,1
episode-104532049-replay.json,1,6,144,747.0,1382.0,0,25,19,6,18,0
episode-104532049-replay.json,0,9,216,1411.0,3836.0,0,50,38,12,33,2
episode-104532049-replay.json,1,9,216,968.0,2169.0,0,50,37,12,31,0
episode-104532049-replay.json,0,12,288,8399.0,11075.0,0,75,61,12,34,1
episode-104532049-replay.json,1,12,288,17061.0,20918.0,0,75,58,12,84,0
episode-104532049-replay.json,0,15,360,15130.0,20992.0,0,75,61,12,56,1
episode-104532049-replay.json,1,15,360,27916.0,31977.0,0,75,61,14,67,0
episode-104532049-replay.json,0,18,432,31352.0,40394.0,0,75,61,12,100,3
episode-104532049-replay.json,1,18,432,45381.0,50312.0,0,75,60,14,97,0
episode-104532049-replay.json,0,21,504,56327.0,63691.0,0,75,57,12,98,36
episode-104532049-replay.json,1,21,504,65461.0,70722.0,0,75,61,14,100,0
episode-104532049-replay.json,0,24,576,68278.0,73673.0,0,75,62,12,88,21
episode-104532049-replay.json,1,24,576,83606.0,86867.0,0,75,61,14,100,0
episode-104532049-replay.json,0,27,648,77876.0,82552.0,0,75,62,12,63,0
episode-104532049-replay.json,1,27,648,93287.0,96915.0,0,75,61,14,99,0
episode-104532049-replay.json,0,30,719,95161.0,95161.0,10,75,1,12,0,0
episode-104532049-replay.json,1,30,719,107628.0,107628.0,11,75,0,14,0,0
episode-104532472-replay.json,0,0,0,3000.0,3000.0,0,25,0,0,0,0
episode-104532472-replay.json,1,0,0,3000.0,3000.0,0,25,0,0,0,0
episode-104532472-replay.json,0,3,72,202.0,382.0,0,25,19,5,6,2
episode-104532472-replay.json,1,3,72,44.0,556.0,0,25,19,4,8,0
episode-104532472-replay.json,0,6,144,857.0,1476.0,0,25,19,6,18,0
episode-104532472-replay.json,1,6,144,42.0,719.0,0,25,19,6,12,8
episode-104532472-replay.json,0,9,216,673.0,1911.0,0,50,35,12,25,0
episode-104532472-replay.json,1,9,216,517.0,1993.0,0,50,36,10,29,16
episode-104532472-replay.json,0,12,288,15649.0,19302.0,0,75,57,12,75,0
episode-104532472-replay.json,1,12,288,8318.0,11322.0,0,75,52,14,43,23
episode-104532472-replay.json,0,15,360,22023.0,25039.0,0,75,60,14,61,0
episode-104532472-replay.json,1,15,360,13144.0,15612.0,0,75,57,14,53,16
episode-104532472-replay.json,0,18,432,31240.0,34511.0,0,75,59,14,100,0
episode-104532472-replay.json,1,18,432,20602.0,23756.0,0,75,57,14,69,16
episode-104532472-replay.json,0,21,504,43723.0,46113.0,0,75,60,14,100,0
episode-104532472-replay.json,1,21,504,26229.0,29402.0,0,75,57,14,59,16
episode-104532472-replay.json,0,24,576,55604.0,57907.0,0,75,60,14,100,0
episode-104532472-replay.json,1,24,576,39867.0,42443.0,0,75,53,14,74,16
episode-104532472-replay.json,0,27,648,58098.0,60879.0,0,75,61,14,100,0
episode-104532472-replay.json,1,27,648,42509.0,45519.0,0,75,56,14,69,16
episode-104532472-replay.json,0,30,719,65635.0,65635.0,11,75,0,14,0,0
episode-104532472-replay.json,1,30,719,52587.0,52587.0,8,75,1,14,0,16
episode-104532936-replay.json,0,0,0,3000.0,3000.0,0,25,0,0,0,0
episode-104532936-replay.json,1,0,0,3000.0,3000.0,0,25,0,0,0,0
episode-104532936-replay.json,0,3,72,44.0,556.0,0,25,19,4,8,0
episode-104532936-replay.json,1,3,72,202.0,382.0,0,25,19,5,6,2
episode-104532936-replay.json,0,6,144,32.0,695.0,0,25,19,6,12,8
episode-104532936-replay.json,1,6,144,757.0,1342.0,0,25,19,6,18,0
episode-104532936-replay.json,0,9,216,1418.0,2718.0,0,50,35,10,25,16
episode-104532936-replay.json,1,9,216,1097.0,2301.0,0,50,37,12,31,0
episode-104532936-replay.json,0,12,288,9287.0,12933.0,0,75,55,14,49,19
episode-104532936-replay.json,1,12,288,16315.0,20293.0,0,75,58,12,84,0
episode-104532936-replay.json,0,15,360,11225.0,14415.0,0,100,64,16,52,16
episode-104532936-replay.json,1,15,360,27345.0,30141.0,0,75,61,14,61,0
episode-104532936-replay.json,0,18,432,28005.0,32533.0,0,100,51,18,75,16
episode-104532936-replay.json,1,18,432,41853.0,46202.0,0,75,60,14,95,0
episode-104532936-replay.json,0,21,504,43244.0,48974.0,0,100,67,18,63,16
episode-104532936-replay.json,1,21,504,61276.0,66638.0,0,75,61,14,100,0
episode-104532936-replay.json,0,24,576,68107.0,74483.0,0,100,47,18,82,16
episode-104532936-replay.json,1,24,576,83478.0,89216.0,0,75,61,14,100,0
episode-104532936-replay.json,0,27,648,80475.0,84761.0,0,100,55,18,66,16
episode-104532936-replay.json,1,27,648,93203.0,95899.0,0,75,61,14,100,0
episode-104532936-replay.json,0,30,719,92706.0,92706.0,8,100,1,14,0,16
episode-104532936-replay.json,1,30,719,100807.0,100807.0,11,75,0,14,0,0
episode-104533368-replay.json,0,0,0,3000.0,3000.0,0,25,0,0,0,0
episode-104533368-replay.json,1,0,0,3000.0,3000.0,0,25,0,0,0,0
episode-104533368-replay.json,0,3,72,44.0,556.0,0,25,19,4,8,0
episode-104533368-replay.json,1,3,72,202.0,382.0,0,25,19,5,6,2
episode-104533368-replay.json,0,6,144,302.0,979.0,0,25,19,6,12,4
episode-104533368-replay.json,1,6,144,857.0,1476.0,0,25,19,6,18,0
episode-104533368-replay.json,0,9,216,343.0,1819.0,0,50,34,10,29,16
episode-104533368-replay.json,1,9,216,672.0,1910.0,0,50,35,12,25,0
episode-104533368-replay.json,0,12,288,7320.0,10474.0,0,75,54,14,50,21
episode-104533368-replay.json,1,12,288,15066.0,18645.0,0,75,57,12,75,0
episode-104533368-replay.json,0,15,360,11423.0,14326.0,0,75,55,14,61,16
episode-104533368-replay.json,1,15,360,19555.0,22515.0,0,75,60,14,69,0
episode-104533368-replay.json,0,18,432,17925.0,20972.0,0,75,54,14,67,16
episode-104533368-replay.json,1,18,432,29711.0,32395.0,0,75,59,14,100,0
episode-104533368-replay.json,0,21,504,29808.0,35958.0,0,75,59,14,60,16
episode-104533368-replay.json,1,21,504,45537.0,47308.0,0,75,60,14,100,0
episode-104533368-replay.json,0,24,576,51593.0,59330.0,0,75,50,14,100,16
episode-104533368-replay.json,1,24,576,63001.0,63865.0,0,75,60,12,100,0
episode-104533368-replay.json,0,27,648,67944.0,73447.0,0,75,53,14,71,16
episode-104533368-replay.json,1,27,648,65053.0,68324.0,0,75,61,6,100,0
episode-104533368-replay.json,0,30,719,86958.0,86958.0,8,75,4,14,0,16
episode-104533368-replay.json,1,30,719,75770.0,75770.0,11,75,0,6,0,0
episode-104533457-replay.json,0,0,0,3000.0,3000.0,0,25,0,0,0,0
episode-104533457-replay.json,1,0,0,3000.0,3000.0,0,25,0,0,0,0
episode-104533457-replay.json,0,3,72,172.0,382.0,0,25,19,5,7,2
episode-104533457-replay.json,1,3,72,201.0,381.0,0,25,19,5,6,2
episode-104533457-replay.json,0,6,144,818.0,1484.0,0,25,19,6,19,0
episode-104533457-replay.json,1,6,144,850.0,1484.0,0,25,19,6,18,0
episode-104533457-replay.json,0,9,216,580.0,1762.0,0,50,36,13,29,0
episode-104533457-replay.json,1,9,216,656.0,1888.0,0,50,34,12,25,0
episode-104533457-replay.json,0,12,288,12698.0,17232.0,0,75,57,13,89,0
episode-104533457-replay.json,1,12,288,13437.0,17067.0,0,75,56,12,75,0
episode-104533457-replay.json,0,15,360,18731.0,22677.0,0,75,60,14,80,0
episode-104533457-replay.json,1,15,360,18831.0,21393.0,0,75,59,14,61,0
episode-104533457-replay.json,0,18,432,27493.0,31326.0,0,75,59,14,87,0
episode-104533457-replay.json,1,18,432,27013.0,29754.0,0,75,58,14,100,0
episode-104533457-replay.json,0,21,504,32959.0,36267.0,0,75,60,14,89,0
episode-104533457-replay.json,1,21,504,30206.0,32651.0,0,75,59,14,100,0
episode-104533457-replay.json,0,24,576,37216.0,38907.0,0,75,60,14,82,0
episode-104533457-replay.json,1,24,576,32503.0,33172.0,0,75,59,14,100,0
episode-104533457-replay.json,0,27,648,41790.0,44232.0,0,75,61,14,86,0
episode-104533457-replay.json,1,27,648,32951.0,35395.0,0,75,61,13,100,0
episode-104533457-replay.json,0,30,719,53246.0,53246.0,11,75,0,14,0,0
episode-104533457-replay.json,1,30,719,38051.0,38051.0,11,75,0,13,0,0
episode-104533798-replay.json,0,0,0,3000.0,3000.0,0,25,0,0,0,0
episode-104533798-replay.json,1,0,0,3000.0,3000.0,0,25,0,0,0,0
episode-104533798-replay.json,0,3,72,202.0,382.0,0,25,19,5,6,2
episode-104533798-replay.json,1,3,72,44.0,556.0,0,25,19,4,8,0
episode-104533798-replay.json,0,6,144,857.0,1476.0,0,25,19,6,18,0
episode-104533798-replay.json,1,6,144,42.0,719.0,0,25,19,6,12,8
episode-104533798-replay.json,0,9,216,864.0,2096.0,0,50,37,12,31,0
episode-104533798-replay.json,1,9,216,920.0,2376.0,0,50,36,10,29,16
episode-104533798-replay.json,0,12,288,16926.0,20666.0,0,75,58,12,83,0
episode-104533798-replay.json,1,12,288,9128.0,12473.0,0,75,52,14,43,23
episode-104533798-replay.json,0,15,360,27501.0,30175.0,0,75,61,14,61,0
episode-104533798-replay.json,1,15,360,17486.0,21388.0,0,75,57,14,53,16
episode-104533798-replay.json,0,18,432,44992.0,49626.0,0,75,60,14,89,0
episode-104533798-replay.json,1,18,432,32351.0,39481.0,0,75,57,14,69,16
episode-104533798-replay.json,0,21,504,67575.0,72648.0,0,75,61,14,100,0
episode-104533798-replay.json,1,21,504,45649.0,50865.0,0,75,57,14,59,16
episode-104533798-replay.json,0,24,576,91243.0,98433.0,0,75,61,14,100,0
episode-104533798-replay.json,1,24,576,69828.0,75094.0,0,75,53,14,74,16
episode-104533798-replay.json,0,27,648,104541.0,108024.0,0,75,61,14,97,0
episode-104533798-replay.json,1,27,648,80748.0,84306.0,0,75,56,14,69,16
episode-104533798-replay.json,0,30,719,115254.0,115254.0,11,75,0,14,0,0
episode-104533798-replay.json,1,30,719,92358.0,92358.0,8,75,1,14,0,16
episode-104534230-replay.json,0,0,0,3000.0,3000.0,0,25,0,0,0,0
episode-104534230-replay.json,1,0,0,3000.0,3000.0,0,25,0,0,0,0
episode-104534230-replay.json,0,3,72,44.0,556.0,0,25,19,4,8,0
episode-104534230-replay.json,1,3,72,202.0,382.0,0,25,19,5,6,2
episode-104534230-replay.json,0,6,144,302.0,979.0,0,25,19,6,12,4
episode-104534230-replay.json,1,6,144,857.0,1476.0,0,25,19,6,18,0
episode-104534230-replay.json,0,9,216,1162.0,2618.0,0,50,34,10,29,16
episode-104534230-replay.json,1,9,216,1157.0,2389.0,0,50,37,12,31,0
episode-104534230-replay.json,0,12,288,8577.0,12521.0,0,75,54,14,50,21
episode-104534230-replay.json,1,12,288,17612.0,21352.0,0,75,58,12,83,0
episode-104534230-replay.json,0,15,360,17626.0,22673.0,0,75,55,14,61,16
episode-104534230-replay.json,1,15,360,29896.0,32644.0,0,75,61,14,61,0
episode-104534230-replay.json,0,18,432,33175.0,41812.0,0,75,54,14,67,16
episode-104534230-replay.json,1,18,432,49494.0,53718.0,0,75,60,14,83,0
episode-104534230-replay.json,0,21,504,52138.0,63802.0,0,75,59,14,88,16
episode-104534230-replay.json,1,21,504,72613.0,79239.0,0,75,61,14,99,0
episode-104534230-replay.json,0,24,576,73984.0,78972.0,0,75,53,14,87,16
episode-104534230-replay.json,1,24,576,88017.0,91968.0,0,75,61,14,100,0
episode-104534230-replay.json,0,27,648,80522.0,85266.0,0,75,56,14,76,16
episode-104534230-replay.json,1,27,648,97461.0,101124.0,0,75,61,14,99,0
episode-104534230-replay.json,0,30,719,93051.0,93051.0,8,75,4,14,0,16
episode-104534230-replay.json,1,30,719,107965.0,107965.0,11,75,0,14,0,0
episode-104534677-replay.json,0,0,0,3000.0,3000.0,0,25,0,0,0,0
episode-104534677-replay.json,1,0,0,3000.0,3000.0,0,25,0,0,0,0
episode-104534677-replay.json,0,3,72,202.0,382.0,0,25,19,5,6,2
episode-104534677-replay.json,1,3,72,44.0,556.0,0,25,19,4,8,0
episode-104534677-replay.json,0,6,144,857.0,1476.0,0,25,19,6,18,0
episode-104534677-replay.json,1,6,144,302.0,979.0,0,25,19,6,12,4
episode-104534677-replay.json,0,9,216,671.0,1889.0,0,50,35,12,25,0
episode-104534677-replay.json,1,9,216,734.0,1910.0,0,50,34,10,21,9
episode-104534677-replay.json,0,12,288,15057.0,18685.0,0,75,57,12,75,0
episode-104534677-replay.json,1,12,288,8200.0,10906.0,0,75,54,14,44,14
episode-104534677-replay.json,0,15,360,19887.0,22883.0,0,75,60,14,65,0
episode-104534677-replay.json,1,15,360,12531.0,14946.0,0,75,55,14,50,9
episode-104534677-replay.json,0,18,432,30542.0,33560.0,0,75,59,14,100,0
episode-104534677-replay.json,1,18,432,18979.0,22521.0,0,75,54,14,78,9
episode-104534677-replay.json,0,21,504,46705.0,48740.0,0,75,60,14,100,0
episode-104534677-replay.json,1,21,504,31044.0,37203.0,0,75,59,14,81,9
episode-104534677-replay.json,0,24,576,63855.0,65093.0,0,75,60,13,100,0
episode-104534677-replay.json,1,24,576,54752.0,60039.0,0,75,53,14,100,9
episode-104534677-replay.json,0,27,648,65466.0,68372.0,0,75,61,8,100,0
episode-104534677-replay.json,1,27,648,68839.0,73323.0,0,75,56,13,100,8
episode-104534677-replay.json,0,30,719,77113.0,77113.0,11,75,0,8,0,0
episode-104534677-replay.json,1,30,719,85393.0,85393.0,8,75,4,12,0,4
episode-104535117-replay.json,0,0,0,3000.0,3000.0,0,25,0,0,0,0
episode-104535117-replay.json,1,0,0,3000.0,3000.0,0,25,0,0,0,0
episode-104535117-replay.json,0,3,72,44.0,556.0,0,25,19,4,8,0
episode-104535117-replay.json,1,3,72,202.0,382.0,0,25,19,5,6,2
episode-104535117-replay.json,0,6,144,32.0,695.0,0,25,19,6,12,8
episode-104535117-replay.json,1,6,144,857.0,1442.0,0,25,19,6,18,0
episode-104535117-replay.json,0,9,216,937.0,2373.0,0,50,36,10,29,16
episode-104535117-replay.json,1,9,216,887.0,2091.0,0,50,37,12,31,0
episode-104535117-replay.json,0,12,288,9172.0,12503.0,0,75,52,14,43,23
episode-104535117-replay.json,1,12,288,16994.0,20663.0,0,75,58,12,83,0
episode-104535117-replay.json,0,15,360,15960.0,19070.0,0,75,57,14,53,16
episode-104535117-replay.json,1,15,360,26736.0,29464.0,0,75,61,14,64,0
episode-104535117-replay.json,0,18,432,27547.0,34853.0,0,75,57,14,69,16
episode-104535117-replay.json,1,18,432,42888.0,46270.0,0,75,60,14,96,0
episode-104535117-replay.json,0,21,504,42824.0,46884.0,0,75,57,14,59,16
episode-104535117-replay.json,1,21,504,59910.0,64383.0,0,75,61,14,100,0
episode-104535117-replay.json,0,24,576,62276.0,69046.0,0,75,53,14,74,16
episode-104535117-replay.json,1,24,576,79830.0,85015.0,0,75,61,14,97,0
episode-104535117-replay.json,0,27,648,73940.0,77416.0,0,75,56,14,69,16
episode-104535117-replay.json,1,27,648,91179.0,95833.0,0,75,61,14,100,0
episode-104535117-replay.json,0,30,719,92425.0,92425.0,8,75,1,14,0,16
episode-104535117-replay.json,1,30,719,106893.0,106893.0,11,75,0,14,0,0
episode-104535562-replay.json,0,0,0,3000.0,3000.0,0,25,0,0,0,0
episode-104535562-replay.json,1,0,0,3000.0,3000.0,0,25,0,0,0,0
episode-104535562-replay.json,0,3,72,44.0,556.0,0,25,19,4,8,0
episode-104535562-replay.json,1,3,72,202.0,382.0,0,25,19,5,6,2
episode-104535562-replay.json,0,6,144,292.0,955.0,0,25,19,6,12,4
episode-104535562-replay.json,1,6,144,857.0,1442.0,0,25,19,6,18,0
episode-104535562-replay.json,0,9,216,1067.0,2483.0,0,50,34,10,29,16
episode-104535562-replay.json,1,9,216,1088.0,2264.0,0,50,36,12,31,1
episode-104535562-replay.json,0,12,288,8760.0,12522.0,0,75,54,14,50,21
episode-104535562-replay.json,1,12,288,17209.0,20800.0,0,75,58,12,81,1
episode-104535562-replay.json,0,15,360,15697.0,19467.0,0,75,55,14,61,16
episode-104535562-replay.json,1,15,360,26422.0,29238.0,0,75,61,14,63,1
episode-104535562-replay.json,0,18,432,25937.0,32040.0,0,75,54,14,67,16
episode-104535562-replay.json,1,18,432,41170.0,44429.0,0,75,60,14,94,1
episode-104535562-replay.json,0,21,504,40499.0,45169.0,0,75,59,14,68,16
episode-104535562-replay.json,1,21,504,55847.0,59695.0,0,75,61,14,100,1
episode-104535562-replay.json,0,24,576,48417.0,51031.0,0,75,53,14,91,16
episode-104535562-replay.json,1,24,576,64475.0,65961.0,0,75,61,14,100,1
episode-104535562-replay.json,0,27,648,50785.0,52962.0,0,75,56,14,64,16
episode-104535562-replay.json,1,27,648,65817.0,67929.0,0,75,61,14,100,1
episode-104535562-replay.json,0,30,719,58147.0,58147.0,8,75,4,14,0,16
episode-104535562-replay.json,1,30,719,72478.0,72478.0,11,75,0,14,0,1
episode-104535998-replay.json,0,0,0,3000.0,3000.0,0,25,0,0,0,0
episode-104535998-replay.json,1,0,0,3000.0,3000.0,0,25,0,0,0,0
episode-104535998-replay.json,0,3,72,44.0,556.0,0,25,19,4,8,0
episode-104535998-replay.json,1,3,72,202.0,382.0,0,25,19,5,6,2
episode-104535998-replay.json,0,6,144,302.0,979.0,0,25,19,6,12,4
episode-104535998-replay.json,1,6,144,857.0,1476.0,0,25,19,6,18,0
episode-104535998-replay.json,0,9,216,755.0,2231.0,0,50,34,10,29,13
episode-104535998-replay.json,1,9,216,850.0,2110.0,0,50,37,12,31,0
episode-104535998-replay.json,0,12,288,8510.0,12110.0,0,75,54,14,50,18
episode-104535998-replay.json,1,12,288,16482.0,20364.0,0,75,58,12,83,0
episode-104535998-replay.json,0,15,360,14462.0,17970.0,0,75,55,14,61,13
episode-104535998-replay.json,1,15,360,24465.0,27512.0,0,75,61,14,66,0
episode-104535998-replay.json,0,18,432,24041.0,28721.0,0,75,56,14,78,13
episode-104535998-replay.json,1,18,432,38272.0,41958.0,0,75,60,14,98,0
episode-104535998-replay.json,0,21,504,35148.0,43374.0,0,75,55,14,84,13
episode-104535998-replay.json,1,21,504,55181.0,58348.0,0,75,61,14,100,0
episode-104535998-replay.json,0,24,576,58729.0,63187.0,0,75,57,14,71,10
episode-104535998-replay.json,1,24,576,75443.0,78799.0,0,75,61,14,100,0
episode-104535998-replay.json,0,27,648,72342.0,74587.0,0,75,54,14,69,8
episode-104535998-replay.json,1,27,648,78400.0,79873.0,0,75,61,14,100,0
episode-104535998-replay.json,0,30,719,85906.0,85906.0,8,75,2,14,0,0
episode-104535998-replay.json,1,30,719,84436.0,84436.0,11,75,0,13,0,0
episode-104537076-replay.json,0,0,0,3000.0,3000.0,0,25,0,0,0,0
episode-104537076-replay.json,1,0,0,3000.0,3000.0,0,25,0,0,0,0
episode-104537076-replay.json,0,3,72,201.0,381.0,0,25,19,5,6,2
episode-104537076-replay.json,1,3,72,201.0,381.0,0,25,19,5,6,2
episode-104537076-replay.json,0,6,144,850.0,1467.0,0,25,19,6,18,0
episode-104537076-replay.json,1,6,144,850.0,1467.0,0,25,19,6,18,0
episode-104537076-replay.json,0,9,216,660.0,1860.0,0,50,34,12,25,0
episode-104537076-replay.json,1,9,216,660.0,1860.0,0,50,34,12,25,0
episode-104537076-replay.json,0,12,288,13575.0,17138.0,0,75,56,12,75,0
episode-104537076-replay.json,1,12,288,13575.0,17138.0,0,75,56,12,75,0
episode-104537076-replay.json,0,15,360,19047.0,21761.0,0,75,59,14,61,0
episode-104537076-replay.json,1,15,360,19047.0,21761.0,0,75,59,14,61,0
episode-104537076-replay.json,0,18,432,27216.0,29854.0,0,75,58,14,100,0
episode-104537076-replay.json,1,18,432,27216.0,29854.0,0,75,58,14,100,0
episode-104537076-replay.json,0,21,504,33956.0,35890.0,0,75,59,14,100,0
episode-104537076-replay.json,1,21,504,33956.0,35890.0,0,75,59,14,100,0
episode-104537076-replay.json,0,24,576,34870.0,35574.0,0,75,59,7,100,0
episode-104537076-replay.json,1,24,576,34870.0,35574.0,0,75,59,7,100,0
episode-104537076-replay.json,0,27,648,35070.0,36962.0,0,75,61,4,100,0
episode-104537076-replay.json,1,27,648,35070.0,36962.0,0,75,61,4,100,0
episode-104537076-replay.json,0,30,719,42945.0,42945.0,11,75,0,4,0,0
episode-104537076-replay.json,1,30,719,42945.0,42945.0,11,75,0,4,0,0
episode-104537622-replay.json,0,0,0,3000.0,3000.0,0,25,0,0,0,0
episode-104537622-replay.json,1,0,0,3000.0,3000.0,0,25,0,0,0,0
episode-104537622-replay.json,0,3,72,2719.0,2719.0,0,25,25,0,0,0
episode-104537622-replay.json,1,3,72,215.0,389.0,0,25,19,5,6,2
episode-104537622-replay.json,0,6,144,840.0,1177.0,0,50,41,2,15,0
episode-104537622-replay.json,1,6,144,893.0,1362.0,0,25,19,6,18,0
episode-104537622-replay.json,0,9,216,794.0,2757.0,0,50,25,8,71,1
episode-104537622-replay.json,1,9,216,1565.0,2476.0,0,50,37,12,31,0
episode-104537622-replay.json,0,12,288,693.0,2729.0,0,50,26,15,47,2
episode-104537622-replay.json,1,12,288,20397.0,23617.0,0,75,58,12,83,0
episode-104537622-replay.json,0,15,360,3914.0,9334.0,0,50,25,19,83,1
episode-104537622-replay.json,1,15,360,31288.0,33752.0,0,75,61,14,61,0
episode-104537622-replay.json,0,18,432,13329.0,18783.0,0,50,26,19,100,1
episode-104537622-replay.json,1,18,432,47533.0,51380.0,0,75,60,14,88,0
episode-104537622-replay.json,0,21,504,17416.0,20305.0,0,50,26,19,100,0
episode-104537622-replay.json,1,21,504,63200.0,66304.0,0,75,61,14,100,0
episode-104537622-replay.json,0,24,576,18945.0,21544.0,0,50,27,19,95,2
episode-104537622-replay.json,1,24,576,82905.0,85533.0,0,75,61,14,100,0
episode-104537622-replay.json,0,27,648,19490.0,22002.0,0,50,28,19,100,1
episode-104537622-replay.json,1,27,648,85191.0,86196.0,0,75,61,14,100,0
episode-104537622-replay.json,0,30,719,19335.0,19335.0,8,50,26,19,0,2
episode-104537622-replay.json,1,30,719,90557.0,90557.0,11,75,0,14,0,0
episode-104538052-replay.json,0,0,0,3000.0,3000.0,0,25,0,0,0,0
episode-104538052-replay.json,1,0,0,3000.0,3000.0,0,25,0,0,0,0
episode-104538052-replay.json,0,3,72,121.0,1006.0,0,25,3,5,21,0
episode-104538052-replay.json,1,3,72,205.0,379.0,0,25,19,5,6,2
episode-104538052-replay.json,0,6,144,142.0,664.0,0,25,10,5,9,0
episode-104538052-replay.json,1,6,144,776.0,1379.0,0,25,19,6,18,0
episode-104538052-replay.json,0,9,216,12.0,2778.0,0,50,28,11,22,0
episode-104538052-replay.json,1,9,216,704.0,2131.0,0,50,36,12,30,0
episode-104538052-replay.json,0,12,288,4418.0,6220.0,0,50,38,12,39,8
episode-104538052-replay.json,1,12,288,17190.0,20947.0,0,75,57,12,81,0
episode-104538052-replay.json,0,15,360,12444.0,17869.0,0,50,37,12,61,8
episode-104538052-replay.json,1,15,360,27341.0,31395.0,0,75,60,14,64,0
episode-104538052-replay.json,0,18,432,25699.0,29231.0,0,50,36,12,63,6
episode-104538052-replay.json,1,18,432,44186.0,49586.0,0,75,59,14,97,0
episode-104538052-replay.json,0,21,504,37053.0,42999.0,0,50,33,12,81,1
episode-104538052-replay.json,1,21,504,63704.0,69234.0,0,75,60,14,100,0
episode-104538052-replay.json,0,24,576,45899.0,51527.0,0,50,26,12,83,2
episode-104538052-replay.json,1,24,576,89243.0,96816.0,0,75,60,14,92,0
episode-104538052-replay.json,0,27,648,55118.0,57474.0,0,50,0,12,56,1
episode-104538052-replay.json,1,27,648,108013.0,112576.0,0,75,61,14,87,0
episode-104538052-replay.json,0,30,719,59951.0,61004.0,12,50,0,4,29,1
episode-104538052-replay.json,1,30,719,130282.0,130282.0,11,75,0,14,0,0
episode-104538439-replay.json,0,0,0,3000.0,3000.0,0,25,0,0,0,0
episode-104538439-replay.json,1,0,0,3000.0,3000.0,0,25,0,0,0,0
episode-104538439-replay.json,0,3,72,198.0,378.0,0,25,19,5,6,2
episode-104538439-replay.json,1,3,72,56.0,530.0,0,25,11,4,9,10
episode-104538439-replay.json,0,6,144,848.0,1500.0,0,25,19,6,18,0
episode-104538439-replay.json,1,6,144,286.0,484.0,0,25,11,4,6,20
episode-104538439-replay.json,0,9,216,1300.0,2566.0,0,50,37,12,31,0
episode-104538439-replay.json,1,9,216,13.0,2813.0,0,50,31,4,17,15
episode-104538439-replay.json,0,12,288,19296.0,23108.0,0,75,58,12,83,0
episode-104538439-replay.json,1,12,288,1001.0,1766.0,0,75,53,7,14,23
episode-104538439-replay.json,0,15,360,31983.0,34983.0,0,75,61,14,61,0
episode-104538439-replay.json,1,15,360,6054.0,7832.0,0,75,60,14,32,12
episode-104538439-replay.json,0,18,432,53213.0,58031.0,0,75,60,14,83,0
episode-104538439-replay.json,1,18,432,6556.0,9697.0,0,75,61,14,47,12
episode-104538439-replay.json,0,21,504,80280.0,88432.0,0,75,61,14,99,0
episode-104538439-replay.json,1,21,504,22122.0,32370.0,0,75,60,14,77,12
episode-104538439-replay.json,0,24,576,110181.0,119461.0,0,75,61,14,79,0
episode-104538439-replay.json,1,24,576,40150.0,52852.0,0,75,55,14,100,11
episode-104538439-replay.json,0,27,648,131893.0,137798.0,0,75,61,14,90,0
episode-104538439-replay.json,1,27,648,61278.0,67353.0,0,75,27,14,60,17
episode-104538439-replay.json,0,30,719,153293.0,153293.0,11,75,0,14,0,0
episode-104538439-replay.json,1,30,719,76662.0,76662.0,0,75,0,14,0,17
episode-104538896-replay.json,0,0,0,3000.0,3000.0,0,25,0,0,0,0
episode-104538896-replay.json,1,0,0,3000.0,3000.0,0,25,0,0,0,0
episode-104538896-replay.json,0,3,72,201.0,381.0,0,25,19,5,6,2
episode-104538896-replay.json,1,3,72,278.0,1120.0,0,25,11,4,19,0
episode-104538896-replay.json,0,6,144,861.0,1497.0,0,25,19,6,18,0
episode-104538896-replay.json,1,6,144,340.0,1344.0,0,25,21,4,22,0
episode-104538896-replay.json,0,9,216,1289.0,2524.0,0,50,37,12,31,0
episode-104538896-replay.json,1,9,216,1228.0,2078.0,0,50,20,6,25,0
episode-104538896-replay.json,0,12,288,18782.0,22617.0,0,75,58,12,83,0
episode-104538896-replay.json,1,12,288,6891.0,8977.0,0,75,58,10,37,3
episode-104538896-replay.json,0,15,360,28347.0,31365.0,0,75,61,14,69,0
episode-104538896-replay.json,1,15,360,10864.0,16220.0,0,75,61,11,70,3
episode-104538896-replay.json,0,18,432,46127.0,52908.0,0,75,60,14,100,0
episode-104538896-replay.json,1,18,432,18724.0,24680.0,0,75,57,11,72,3
episode-104538896-replay.json,0,21,504,68497.0,75786.0,0,75,61,14,96,0
episode-104538896-replay.json,1,21,504,31944.0,42200.0,0,75,49,11,100,8
episode-104538896-replay.json,0,24,576,89254.0,95939.0,0,75,61,14,100,0
episode-104538896-replay.json,1,24,576,52014.0,57113.0,0,75,49,11,80,4
episode-104538896-replay.json,0,27,648,100057.0,103027.0,0,75,61,14,100,0
episode-104538896-replay.json,1,27,648,61135.0,64787.0,0,75,57,11,92,5
episode-104538896-replay.json,0,30,719,110560.0,110560.0,11,75,0,14,0,0
episode-104538896-replay.json,1,30,719,70386.0,70386.0,11,75,10,11,0,8
episode-104539319-replay.json,0,0,0,3000.0,3000.0,0,25,0,0,0,0
episode-104539319-replay.json,1,0,0,3000.0,3000.0,0,25,0,0,0,0
episode-104539319-replay.json,0,3,72,201.0,381.0,0,25,19,5,6,2
episode-104539319-replay.json,1,3,72,173.0,838.0,0,25,10,5,11,0
episode-104539319-replay.json,0,6,144,842.0,1477.0,0,25,19,6,18,0
episode-104539319-replay.json,1,6,144,517.0,1196.0,0,25,19,6,12,0
episode-104539319-replay.json,0,9,216,1216.0,2473.0,0,50,37,12,31,0
episode-104539319-replay.json,1,9,216,355.0,3237.0,0,50,37,12,36,0
episode-104539319-replay.json,0,12,288,18512.0,22299.0,0,75,58,12,83,0
episode-104539319-replay.json,1,12,288,5619.0,8314.0,0,75,62,12,47,0
episode-104539319-replay.json,0,15,360,27828.0,30647.0,0,75,61,14,71,0
episode-104539319-replay.json,1,15,360,11045.0,15287.0,0,75,62,12,46,0
episode-104539319-replay.json,0,18,432,44674.0,48318.0,0,75,60,14,100,0
episode-104539319-replay.json,1,18,432,25651.0,33909.0,0,75,62,12,79,3
episode-104539319-replay.json,0,21,504,53366.0,59511.0,0,75,61,14,100,0
episode-104539319-replay.json,1,21,504,45689.0,49133.0,0,75,58,12,78,35
episode-104539319-replay.json,0,24,576,67981.0,73613.0,0,75,61,14,100,0
episode-104539319-replay.json,1,24,576,53810.0,56228.0,0,75,62,13,74,18
episode-104539319-replay.json,0,27,648,84097.0,87707.0,0,75,61,14,100,0
episode-104539319-replay.json,1,27,648,67172.0,70528.0,0,75,62,13,60,5
episode-104539319-replay.json,0,30,719,100052.0,100052.0,11,75,0,14,0,0
episode-104539319-replay.json,1,30,719,91759.0,91759.0,10,75,1,13,0,5
episode-104539758-replay.json,0,0,0,3000.0,3000.0,0,25,0,0,0,0
episode-104539758-replay.json,1,0,0,3000.0,3000.0,0,25,0,0,0,0
episode-104539758-replay.json,0,3,72,204.0,384.0,0,25,19,5,6,2
episode-104539758-replay.json,1,3,72,173.0,715.0,0,25,19,4,9,0
episode-104539758-replay.json,0,6,144,854.0,1439.0,0,25,19,6,18,0
episode-104539758-replay.json,1,6,144,939.0,1573.0,0,25,19,6,11,0
episode-104539758-replay.json,0,9,216,1205.0,2409.0,0,50,37,12,31,0
episode-104539758-replay.json,1,9,216,1418.0,4290.0,0,50,29,10,44,0
episode-104539758-replay.json,0,12,288,18446.0,22139.0,0,75,58,12,83,0
episode-104539758-replay.json,1,12,288,7557.0,12077.0,0,75,56,14,54,3
episode-104539758-replay.json,0,15,360,29165.0,31917.0,0,75,61,14,61,0
episode-104539758-replay.json,1,15,360,16094.0,19406.0,0,75,59,14,56,0
episode-104539758-replay.json,0,18,432,48025.0,52225.0,0,75,60,14,84,0
episode-104539758-replay.json,1,18,432,26303.0,35149.0,0,75,59,14,77,0
episode-104539758-replay.json,0,21,504,69354.0,75068.0,0,75,61,14,100,0
episode-104539758-replay.json,1,21,504,43270.0,47866.0,0,75,59,14,80,0
episode-104539758-replay.json,0,24,576,91958.0,98090.0,0,75,61,14,83,0
episode-104539758-replay.json,1,24,576,63664.0,71680.0,0,75,55,14,85,0
episode-104539758-replay.json,0,27,648,99962.0,103609.0,0,75,61,14,100,0
episode-104539758-replay.json,1,27,648,69813.0,73308.0,0,75,58,14,78,0
episode-104539758-replay.json,0,30,719,107990.0,107990.0,11,75,0,14,0,0
episode-104539758-replay.json,1,30,719,79638.0,79638.0,6,75,0,14,0,0
episode-104540175-replay.json,0,0,0,3000.0,3000.0,0,25,0,0,0,0
episode-104540175-replay.json,1,0,0,3000.0,3000.0,0,25,0,0,0,0
episode-104540175-replay.json,0,3,72,206.0,386.0,0,25,19,5,6,2
episode-104540175-replay.json,1,3,72,352.0,763.0,0,25,21,4,7,0
episode-104540175-replay.json,0,6,144,856.0,1475.0,0,25,19,6,18,0
episode-104540175-replay.json,1,6,144,165.0,844.0,0,50,27,4,16,14
episode-104540175-replay.json,0,9,216,1277.0,2484.0,0,50,37,12,31,0
episode-104540175-replay.json,1,9,216,1784.0,2600.0,0,50,40,9,15,12
episode-104540175-replay.json,0,12,288,17864.0,21450.0,0,75,58,12,83,0
episode-104540175-replay.json,1,12,288,10688.0,11850.0,0,75,57,15,24,2
episode-104540175-replay.json,0,15,360,29851.0,32503.0,0,75,61,14,61,0
episode-104540175-replay.json,1,15,360,16806.0,18916.0,0,75,58,16,40,1
episode-104540175-replay.json,0,18,432,46485.0,50193.0,0,75,60,14,83,0
episode-104540175-replay.json,1,18,432,36942.0,42700.0,0,75,52,18,79,2
episode-104540175-replay.json,0,21,504,59859.0,65146.0,0,75,61,14,100,0
episode-104540175-replay.json,1,21,504,50642.0,55056.0,0,75,44,21,85,10
episode-104540175-replay.json,0,24,576,69509.0,73049.0,0,75,61,14,100,0
episode-104540175-replay.json,1,24,576,60659.0,63680.0,0,75,42,20,86,13
episode-104540175-replay.json,0,27,648,78686.0,82553.0,0,75,61,14,100,0
episode-104540175-replay.json,1,27,648,72677.0,76037.0,0,75,46,20,71,1
episode-104540175-replay.json,0,30,719,92500.0,92500.0,11,75,0,14,0,0
episode-104540175-replay.json,1,30,719,88445.0,88447.0,8,75,6,20,2,1
episode-104540607-replay.json,0,0,0,3000.0,3000.0,0,25,0,0,0,0
episode-104540607-replay.json,1,0,0,3000.0,3000.0,0,25,0,0,0,0
episode-104540607-replay.json,0,3,72,201.0,381.0,0,25,19,5,6,2
episode-104540607-replay.json,1,3,72,173.0,838.0,0,25,10,5,11,0
episode-104540607-replay.json,0,6,144,842.0,1477.0,0,25,19,6,18,0
episode-104540607-replay.json,1,6,144,517.0,1196.0,0,25,19,6,12,0
episode-104540607-replay.json,0,9,216,664.0,1789.0,0,50,34,12,21,0
episode-104540607-replay.json,1,9,216,638.0,3116.0,0,50,37,12,36,0
episode-104540607-replay.json,0,12,288,17127.0,20504.0,0,75,56,12,71,0
episode-104540607-replay.json,1,12,288,7973.0,9605.0,0,75,61,12,30,0
episode-104540607-replay.json,0,15,360,27167.0,30674.0,0,75,59,14,53,0
episode-104540607-replay.json,1,15,360,15318.0,18104.0,0,75,61,12,37,1
episode-104540607-replay.json,0,18,432,45032.0,52020.0,0,75,58,14,91,0
episode-104540607-replay.json,1,18,432,30087.0,39161.0,0,75,61,12,68,4
episode-104540607-replay.json,0,21,504,68744.0,77933.0,0,75,59,14,99,0
episode-104540607-replay.json,1,21,504,61256.0,67140.0,0,75,58,12,67,35
episode-104540607-replay.json,0,24,576,99425.0,106989.0,0,75,59,14,78,0
episode-104540607-replay.json,1,24,576,85982.0,90381.0,0,75,60,13,61,22
episode-104540607-replay.json,0,27,648,120711.0,125531.0,0,75,61,14,75,0
episode-104540607-replay.json,1,27,648,101846.0,107966.0,0,75,54,13,69,1
episode-104540607-replay.json,0,30,719,144577.0,144577.0,11,75,0,14,0,0
episode-104540607-replay.json,1,30,719,127200.0,127200.0,10,75,0,13,0,1
episode-104541031-replay.json,0,0,0,3000.0,3000.0,0,25,0,0,0,0
episode-104541031-replay.json,1,0,0,3000.0,3000.0,0,25,0,0,0,0
episode-104541031-replay.json,0,3,72,309.0,588.0,0,25,19,4,9,0
episode-104541031-replay.json,1,3,72,190.0,376.0,0,25,19,5,6,2
episode-104541031-replay.json,0,6,144,179.0,979.0,0,25,19,5,25,9
episode-104541031-replay.json,1,6,144,844.0,1479.0,0,25,19,6,18,0
episode-104541031-replay.json,0,9,216,284.0,2300.0,0,50,32,11,45,9
episode-104541031-replay.json,1,9,216,679.0,1947.0,0,50,36,12,25,0
episode-104541031-replay.json,0,12,288,7069.0,9592.0,0,75,42,15,54,9
episode-104541031-replay.json,1,12,288,15491.0,19139.0,0,75,57,12,77,0
episode-104541031-replay.json,0,15,360,15563.0,18724.0,0,75,53,15,56,0
episode-104541031-replay.json,1,15,360,23715.0,26496.0,0,75,60,14,60,0
episode-104541031-replay.json,0,18,432,31757.0,35880.0,0,75,55,15,76,5
episode-104541031-replay.json,1,18,432,35031.0,37980.0,0,75,59,14,100,0
episode-104541031-replay.json,0,21,504,43391.0,47155.0,0,75,54,15,100,3
episode-104541031-replay.json,1,21,504,44553.0,48193.0,0,75,60,14,100,0
episode-104541031-replay.json,0,24,576,54751.0,58323.0,0,75,47,15,90,1
episode-104541031-replay.json,1,24,576,51096.0,53977.0,0,75,60,14,100,0
episode-104541031-replay.json,0,27,648,61274.0,66779.0,0,75,59,15,100,1
episode-104541031-replay.json,1,27,648,56077.0,57237.0,0,75,61,14,100,0
episode-104541031-replay.json,0,30,719,81449.0,81529.0,8,75,14,15,2,1
episode-104541031-replay.json,1,30,719,64215.0,64215.0,11,75,0,14,0,0
episode-104773397-replay.json,0,0,0,3000.0,3000.0,0,25,0,0,0,0
episode-104773397-replay.json,1,0,0,3000.0,3000.0,0,25,0,0,0,0
episode-104773397-replay.json,0,3,72,11.0,837.0,0,25,10,5,16,1
episode-104773397-replay.json,1,3,72,196.0,382.0,0,25,19,5,6,2
episode-104773397-replay.json,0,6,144,0.0,1196.0,0,25,19,6,28,1
episode-104773397-replay.json,1,6,144,548.0,1176.0,0,25,19,6,14,14
episode-104773397-replay.json,0,9,216,516.0,2840.0,0,50,38,12,33,2
episode-104773397-replay.json,1,9,216,773.0,1718.0,0,50,35,11,27,13
episode-104773397-replay.json,0,12,288,5584.0,7846.0,0,75,61,12,34,1
episode-104773397-replay.json,1,12,288,16226.0,19343.0,0,75,58,12,63,16
episode-104773397-replay.json,0,15,360,8524.0,14516.0,0,75,61,12,64,1
episode-104773397-replay.json,1,15,360,23050.0,26317.0,0,75,63,12,62,20
episode-104773397-replay.json,0,18,432,18761.0,27569.0,0,75,61,12,100,3
episode-104773397-replay.json,1,18,432,33341.0,37448.0,0,75,63,12,73,28
episode-104773397-replay.json,0,21,504,41362.0,48695.0,0,75,57,12,98,36
episode-104773397-replay.json,1,21,504,48319.0,52473.0,0,75,63,12,100,35
episode-104773397-replay.json,0,24,576,57181.0,63132.0,0,75,62,12,88,21
episode-104773397-replay.json,1,24,576,63682.0,67372.0,0,75,62,12,100,34
episode-104773397-replay.json,0,27,648,67501.0,72136.0,0,75,62,12,63,0
episode-104773397-replay.json,1,27,648,72066.0,74438.0,0,75,61,12,100,21
episode-104773397-replay.json,0,30,719,82526.0,82526.0,10,75,1,12,0,0
episode-104773397-replay.json,1,30,719,82549.0,82549.0,11,75,2,12,0,7
episode-104774240-replay.json,0,0,0,3000.0,3000.0,0,25,0,0,0,0
episode-104774240-replay.json,1,0,0,3000.0,3000.0,0,25,0,0,0,0
episode-104774240-replay.json,0,3,72,202.0,382.0,0,25,19,5,6,2
episode-104774240-replay.json,1,3,72,44.0,556.0,0,25,19,4,8,0
episode-104774240-replay.json,0,6,144,558.0,1142.0,0,25,19,6,14,14
episode-104774240-replay.json,1,6,144,267.0,923.0,0,25,19,6,12,4
episode-104774240-replay.json,0,9,216,848.0,1766.0,0,50,35,11,27,13
episode-104774240-replay.json,1,9,216,139.0,1575.0,0,50,36,10,29,16
episode-104774240-replay.json,0,12,288,16439.0,19796.0,0,75,58,12,63,16
episode-104774240-replay.json,1,12,288,8195.0,11520.0,0,75,52,14,43,23
episode-104774240-replay.json,0,15,360,26502.0,29683.0,0,75,63,12,54,20
episode-104774240-replay.json,1,15,360,16095.0,19674.0,0,75,57,14,53,16
episode-104774240-replay.json,0,18,432,38696.0,43133.0,0,75,63,12,75,28
episode-104774240-replay.json,1,18,432,28014.0,32716.0,0,75,57,14,70,16
episode-104774240-replay.json,0,21,504,50542.0,55600.0,0,75,63,12,98,35
episode-104774240-replay.json,1,21,504,35947.0,39457.0,0,75,57,14,60,16
episode-104774240-replay.json,0,24,576,57287.0,60440.0,0,75,62,12,100,34
episode-104774240-replay.json,1,24,576,42320.0,44993.0,0,75,53,14,78,13
episode-104774240-replay.json,0,27,648,63709.0,66780.0,0,75,61,12,100,21
episode-104774240-replay.json,1,27,648,45673.0,48715.0,0,75,56,14,76,10
episode-104774240-replay.json,0,30,719,72402.0,72402.0,11,75,2,12,0,7
episode-104774240-replay.json,1,30,719,55456.0,55456.0,8,75,1,14,0,2
episode-104774745-replay.json,0,0,0,3000.0,3000.0,0,25,0,0,0,0
episode-104774745-replay.json,1,0,0,3000.0,3000.0,0,25,0,0,0,0
episode-104774745-replay.json,0,3,72,145.0,385.0,0,25,19,5,8,2
episode-104774745-replay.json,1,3,72,195.0,375.0,0,25,19,5,6,2
episode-104774745-replay.json,0,6,144,442.0,1029.0,0,25,19,6,17,15
episode-104774745-replay.json,1,6,144,529.0,1143.0,0,25,19,6,14,14
episode-104774745-replay.json,0,9,216,761.0,1833.0,0,50,36,12,28,14
episode-104774745-replay.json,1,9,216,608.0,1553.0,0,50,35,11,27,13
episode-104774745-replay.json,0,12,288,11573.0,14998.0,0,75,52,16,74,21
episode-104774745-replay.json,1,12,288,13401.0,16524.0,0,75,58,11,64,16
episode-104774745-replay.json,0,15,360,18823.0,21176.0,0,75,56,16,53,26
episode-104774745-replay.json,1,15,360,18627.0,21372.0,0,75,63,11,70,20
episode-104774745-replay.json,0,18,432,29233.0,32186.0,0,75,57,16,93,32
episode-104774745-replay.json,1,18,432,28661.0,31708.0,0,75,63,11,86,28
episode-104774745-replay.json,0,21,504,43299.0,46171.0,0,75,57,16,94,40
episode-104774745-replay.json,1,21,504,42556.0,45558.0,0,75,63,11,100,35
episode-104774745-replay.json,0,24,576,59598.0,65879.0,0,75,58,16,94,34
episode-104774745-replay.json,1,24,576,59656.0,64031.0,0,75,62,11,100,34
episode-104774745-replay.json,0,27,648,72717.0,75660.0,0,75,58,16,72,25
episode-104774745-replay.json,1,27,648,70533.0,73711.0,0,75,61,11,96,21
episode-104774745-replay.json,0,30,719,86541.0,86541.0,11,75,0,16,0,14
episode-104774745-replay.json,1,30,719,82685.0,82685.0,11,75,2,11,0,7
episode-104774881-replay.json,0,0,0,3000.0,3000.0,0,25,0,0,0,0
episode-104774881-replay.json,1,0,0,3000.0,3000.0,0,25,0,0,0,0
episode-104774881-replay.json,0,3,72,44.0,556.0,0,25,19,4,8,0
episode-104774881-replay.json,1,3,72,202.0,382.0,0,25,19,5,6,2
episode-104774881-replay.json,0,6,144,7.0,663.0,0,25,19,6,12,8
episode-104774881-replay.json,1,6,144,558.0,1142.0,0,25,19,6,14,14
episode-104774881-replay.json,0,9,216,1069.0,2505.0,0,50,36,10,29,14
episode-104774881-replay.json,1,9,216,847.0,1765.0,0,50,35,11,27,13
episode-104774881-replay.json,0,12,288,10309.0,12646.0,0,75,52,14,31,21
episode-104774881-replay.json,1,12,288,16271.0,19568.0,0,75,58,12,63,16
episode-104774881-replay.json,0,15,360,16157.0,19022.0,0,75,57,14,53,14
episode-104774881-replay.json,1,15,360,26261.0,28668.0,0,75,63,12,53,20
episode-104774881-replay.json,0,18,432,25353.0,30059.0,0,75,57,14,69,14
episode-104774881-replay.json,1,18,432,37818.0,40597.0,0,75,63,12,81,28
episode-104774881-replay.json,0,21,504,33192.0,36384.0,0,75,57,14,59,14
episode-104774881-replay.json,1,21,504,51062.0,54108.0,0,75,63,12,98,35
episode-104774881-replay.json,0,24,576,48774.0,52156.0,0,75,53,14,74,11
episode-104774881-replay.json,1,24,576,63623.0,67587.0,0,75,62,12,100,34
episode-104774881-replay.json,0,27,648,52695.0,55098.0,0,75,56,14,69,8
episode-104774881-replay.json,1,27,648,67817.0,70790.0,0,75,61,12,100,21
episode-104774881-replay.json,0,30,719,60340.0,60340.0,8,75,1,14,0,0
episode-104774881-replay.json,1,30,719,76617.0,76617.0,11,75,2,12,0,7
episode-104775893-replay.json,0,0,0,3000.0,3000.0,0,25,0,0,0,0
episode-104775893-replay.json,1,0,0,3000.0,3000.0,0,25,0,0,0,0
episode-104775893-replay.json,0,3,72,44.0,556.0,0,25,19,4,8,0
episode-104775893-replay.json,1,3,72,202.0,382.0,0,25,19,5,6,2
episode-104775893-replay.json,0,6,144,25.0,695.0,0,25,19,6,12,8
episode-104775893-replay.json,1,6,144,558.0,1164.0,0,25,19,6,14,14
episode-104775893-replay.json,0,9,216,1371.0,2883.0,0,50,36,10,30,16
episode-104775893-replay.json,1,9,216,947.0,1919.0,0,50,35,11,27,13
episode-104775893-replay.json,0,12,288,9446.0,13329.0,0,75,52,14,52,23
episode-104775893-replay.json,1,12,288,16931.0,20483.0,0,75,58,12,63,16
episode-104775893-replay.json,0,15,360,17094.0,20982.0,0,75,57,14,62,16
episode-104775893-replay.json,1,15,360,29636.0,32096.0,0,75,63,12,52,20
episode-104775893-replay.json,0,18,432,30168.0,38716.0,0,75,57,14,71,16
episode-104775893-replay.json,1,18,432,46220.0,49202.0,0,75,63,12,80,28
episode-104775893-replay.json,0,21,504,49172.0,53648.0,0,75,57,14,60,16
episode-104775893-replay.json,1,21,504,65591.0,69846.0,0,75,63,12,89,35
episode-104775893-replay.json,0,24,576,68923.0,76198.0,0,75,52,14,75,16
episode-104775893-replay.json,1,24,576,82032.0,86498.0,0,75,62,12,86,34
episode-104775893-replay.json,0,27,648,81615.0,85399.0,0,75,56,14,69,16
episode-104775893-replay.json,1,27,648,92593.0,99293.0,0,75,61,12,100,21
episode-104775893-replay.json,0,30,719,102419.0,102419.0,8,75,1,14,0,17
episode-104775893-replay.json,1,30,719,106973.0,106973.0,11,75,2,12,0,7
